Positive Sentiments,Negative Sentiments,Calm and Peaceful,Energetic and Exciting,Complex and Mysterious
nostalgic,gloomy,intimate,exciting,bittersweet
cheerful,melancholy,quiet,energetic,wistful
positive,cynical,thoughtful,sensual,ethereal
fun,sad,calm,trippy,mysterious
uplifting,scary,mellow,theatrical,mystical
happy,negative,serene,hypnotic,dark
tender,sleazy,peaceful,fierce,nocturnal
sweet,eerie,delicate,romantic,atmospheric
relaxed,brooding,warm,smooth,introspective
lively,lonely,soft,intense,ironic
passionate,harsh,soothing,epic,sarcastic
stylish,bitter,meditative,dramatic,sophisticated
lush,angry,spiritual,erotic,sardonic
elegant,ominous,sacred,passionate,complex
soft,cold,gentle,sexy,technical
bright,negative,light,driving,gritty
dreamy,aggressive,,sexual,whimsical
soothing,lazy,,quirky,powerful
playful,,,silly,bright
meditative,,,eccentric,exotic
sentimental,,,,martial
reflective,,,,organic
optimistic,,,,lyrical
euphoric,,,,sarcastic
humorous,,,,complex
witty,,,,serious
gentle,,,,spooky
